<structure qversion="1">
   <responses>
      <agencyresponse>
         <localdbId value=""/>
         <createdon value=""/>
         <evaluationtype value=""/>
         <agencycode value=""/>
         <agencyaddress value=""/>
         <agencycity value=""/>
         <agencystate value=""/>
         <agencyzipcode value=""/>
         <agencyphone value=""/>
         <dateofeval value=""/>
         <nameofresponsiblerep value=""/>
         <titleofbcp value=""/>
         <nameofbcp value=""/>
         <addressofbcp value=""/>
         <cityofbcp value=""/>
         <stateofbcp value=""/>
         <zipcodeofbcp value=""/>
         <liscrep value=""/>
         <capacity value=""/>
         <numberincare value=""/>
      </agencyresponse>
      <moduleresponse>
         <fsr value=""/>
         <hsr value=""/>
         <disposition value="-1" comments="">$reason-of-dd</disposition>
         <comments value=""/>
      </moduleresponse>
      <esignature>
         <signaturename value=""/>
         <declinesignature value=""/>
         <signatureimage value=""><![CDATA[]]></signatureimage>
      </esignature>
      <usage>
         <stamp value="" type="s"/>
         <stamp value="" type="e"/>
      </usage>
   </responses>
   <modules title="Residential Child Care Standards">
      <module id="1" section="1">Organization and Administration</module>
      <module id="2" section="2">Personnel</module>
      <module id="3" section="3">Staff</module>
      <module id="4" section="4">Service Provision</module>
      <module id="5" section="5">Care of the Children</module>
      <module id="6" section="6">Parental Involvement in Care</module>
      <module id="7" section="7">Physical Facilities</module>
      <module id="8" section="8">Records and Reports</module>
      <module id="9" section="9">Requirements for Wilderness Camps</module>
      <module id="10" section="10">Requirements for Emergency Shelter</module>
   </modules>
   <sections>
      <section id="1" title="Organization and Administration">
         <groups>
            <group id="1" expanded="false" title="1. Operated by society, agency or corporation" order="1">
               <questions>
                  <question id="1" type="cnnd" isheader="YES" order="1">Operated by society, agency or corporation</question>
               </questions>
            </group>
            <group id="2" expanded="false" title="2. Constitution and bylaw encourage progress" order="2">
               <questions>
                  <question id="2" type="cnnd" isheader="YES" order="1">Constitution and bylaws encourage progress</question>
                  <question id="3" type="cnnd" isheader="YES" order="2">Written bylaws</question>
                  <question id="4" type="cnnd" isheader="YES" order="3">Bylaws meet required standards</question>
                  <question id="5" type="date" value="" order="4">Bylaws last reviewed</question>
                  <question id="6" type="switch" value="NO" valueData="0" selected="0" order="5">Any changes this year?</question>
               </questions>
            </group>
            <group id="3" expanded="false" title="3. Composition of the Board" order="3">
               <questions>
                  <question id="7" type="cnnd" isheader="YES" order="1">Composition of the Board</question>
                  <question id="8" type="cnnd" isheader="YES" order="2">Corporation has Board of Directors (non-incorporated agency has Advisory board)</question>
                  <question id="9" type="cnnd" isheader="YES" order="3">Officers elected annually (Executive Director only voting employee)</question>
                  <question id="10" type="cnnd" isheader="YES" order="4">Quarterly board meetings</question>
               </questions>
            </group>
            <group id="4" expanded="false" title="4. General Responsibilites of the Incorporated Agency" order="4">
               <questions>
                  <question id="11" type="cnnd" isheader="YES" order="1">General Responsibilities of the Incorporated Agency</question>
                  <question id="12" type="cnnd" isheader="YES" order="2">Board sets up corporate existence and give agency continuity</question>
                  <question id="13" type="cnnd" isheader="YES" order="3">Selects executive director and evaluates executive director annually</question>
                  <question id="14" type="cnnd" isheader="YES" order="4">Board secures adequate funding</question>
                  <question id="15" type="cnnd" isheader="YES" order="5">Formulates policies and plans with executive director and staff</question>
                  <question id="16" type="cnnd" isheader="YES" order="6">Provides for annual budget and audit</question>
                  <question id="17" type="cnnd" isheader="YES" order="7">Not involved in individual cases</question>
                  <question id="18" type="cnnd" isheader="YES" order="8">Keeps minutes of board meetings</question>
                  <question id="19" type="cnnd" isheader="YES" order="9">Licensure application signed by Chairman or Executive Director</question>
                  <question id="20" type="cnnd" isheader="YES" order="10">Functions according to constitution, bylaws and charter</question>
                  <question id="21" type="cnnd" isheader="YES" order="11">Rotation plan</question>
               </questions>
            </group>
            <group id="5" expanded="false" title="5. General Responsibilites of the Advisory Board" order="5">
               <questions>
                  <question id="22" type="cnnd" isheader="YES" order="1">General Responsibilities of the Advisory Board</question>
                  <question id="23" type="cnnd" isheader="YES" order="2">Public agencies have Advisory Board</question>
                  <question id="24" type="cnnd" isheader="YES" order="3">Rotation plan</question>
                  <question id="25" type="cnnd" isheader="YES" order="4">Records meet standards</question>
                  <question id="26" type="cnnd" isheader="YES" order="5">Duties of Advisory Board</question>
                  <question id="27" type="cnnd" order="6">Provide advice</question>
                  <question id="28" type="cnnd" order="7">Keep informed of operational policies and practices</question>
                  <question id="29" type="cnnd" order="8">Review facility operation</question>
                  <question id="30" type="cnnd" order="9">Quarterly meetings</question>
                  <question id="31" type="cnnd" order="10">Maintain minutes and records of meetings</question>
                  <question id="32" type="cnnd" isheader="YES" order="11">Report to governing unit in case of disagreement</question>
               </questions>
            </group>
            <group id="6" expanded="false" title="6. Financing" order="6">
               <questions>
                  <question id="33" type="cnnd" isheader="YES" order="1">Financing</question>
                  <question id="34" type="cnnd" isheader="YES" order="2">Solicitation of Funds</question>
                  <question id="35" type="cnnd" isheader="YES" order="3">Funds</question>
                  <question id="36" type="cnnd" order="4">Adequate and stable</question>
                  <question id="37" type="cnnd" order="5">Annual financial statement submitted to Licensing</question>
                  <question id="38" type="cnnd" isheader="YES" order="6">Audit and Control</question>
                  <question id="39" type="cnnd" order="7">Annual audit with an opinion by CPA or LPA submitted to Licensing</question>
                  <question id="40" type="date" value="" order="8">Date of last audit submitted</question>
                  <question id="41" type="cnnd" order="9">Administrator and other fund handlers bonded</question>
                  <question id="42" type="textbox" width="100" value="" order="10">Bonded by</question>
                  <question id="43" type="cnnd" isheader="YES" order="11">Liability insurance or legal custodians advised in writing of no coverage</question>
               </questions>
            </group>
            <questions>
               <question id="44" type="textarea" width="100" height="" value="" order="1">Comments:</question>
            </questions>
         </groups>
      </section>
      <section id="2" title="Personnel">
         <groups>
            <group id="7" expanded="false" title="1. Written personnel policies" order="1">
               <questions>
                  <question id="45" type="cnnd" isheader="YES" order="1">Written personnel policies</question>
                  <question id="46" type="cnnd" isheader="YES" order="2">Job descriptions</question>
                  <question id="47" type="cnnd" isheader="YES" order="3">Annual salaries and performances review requirements</question>
                  <question id="48" type="cnnd" isheader="YES" order="4">Physical examination</question>
                  <question id="49" type="cnnd" isheader="YES" order="5">TB skin test results</question>
                  <question id="50" type="cnnd" isheader="YES" order="6">Training hour requirements</question>
                  <question id="51" type="cnnd" isheader="YES" order="7">Defined work week</question>
                  <question id="52" type="cnnd" isheader="YES" order="8">Vacation policy</question>
                  <question id="53" type="cnnd" isheader="YES" order="9">Sick leave policy</question>
                  <question id="54" type="cnnd" isheader="YES" order="10">Social Security, insurance, retirement plans, fringe benefits</question>
                  <question id="55" type="cnnd" isheader="YES" order="11">Grievance Procedure</question>
                  <question id="56" type="cnnd" isheader="YES" order="12">Grounds for dismissal</question>
                  <question id="57" type="cnnd" isheader="YES" order="13">Leisure Time Provision</question>
                  <question id="58" type="cnnd" order="14">Minimum of 6 days off per month</question>
                  <question id="59" type="cnnd" order="15">Continuity of supervision</question>
                  <question id="60" type="cnnd" isheader="YES" order="16">Child sexual abuse policy</question>
                  <question id="61" type="cnnd" order="17">Child care staff</question>
                  <question id="62" type="cnnd" order="18">Screening of employees, volunteers, and student trainees</question>
                  <question id="63" type="cnnd" order="19">New employee orientation on child sexual abuse</question>
                  <question id="64" type="cnnd" order="20">Children: instructional program on sexual abuse</question>
               </questions>
            </group>
            <group id="8" expanded="false" title="2. Staff Records" order="2">
               <questions>
                  <question id="65" type="cnnd" isheader="YES" order="1">Staff Records</question>
                  <question id="66" type="cnnd" isheader="YES" order="2">Personnel records include all necessary information</question>
                  <question id="67" type="cnnd" isheader="YES" order="3">Annual performance evaluation</question>
                  <question id="68" type="cnnd" isheader="YES" order="4">Employee access to personnel files</question>
                  <question id="69" type="textbox" width="100" value="" order="5" keyboardtype="numeric">Number of files reviewed</question>
               </questions>
            </group>
            <group id="9" expanded="false" title="3. Staff Development" order="3">
               <questions>
                  <question id="70" type="cnnd" isheader="YES" order="1">Staff Development</question>
                  <question id="71" type="cnnd" isheader="YES" order="2">New staff orientation to agency</question>
                  <question id="72" type="cnnd" isheader="YES" order="3">In-service training minimum of 6 hours annually</question>
                  <question id="73" type="cnnd" isheader="YES" order="4">Documentation in personnel files</question>
               </questions>
            </group>
            <questions>
               <question id="74" type="textarea" width="100" height="" value="" order="1">Comments:</question>
            </questions>
         </groups>
      </section>
      <section id="3" title="Staff">
         <groups>
            <group id="10" expanded="false" title="1. General Qualifications" order="1">
               <questions>
                  <question id="75" type="cnnd" isheader="YES" order="1">General qualifications</question>
                  <question id="76" type="cnnd" isheader="YES" order="2">Good character, health, emotional stability and job ability, not convicted of any offense against children</question>
                  <question id="77" type="cnnd" isheader="YES" order="3">Three references</question>
                  <question id="78" type="cnnd" isheader="YES" order="4">Physical examination</question>
                  <question id="79" type="cnnd" isheader="YES" order="5">Prospective employees - initial tuberculin skin test</question>
                  <question id="80" type="cnnd" isheader="YES" order="6">Current employees</question>
                  <question id="81" type="cnnd" order="7">If negative skin test no further certification required</question>
                  <question id="82" type="cnnd" order="8">If negative x-ray no further certification required</question>
               </questions>
            </group>
            <group id="11" expanded="false" title="2. Executive Director or Administrator Qualifications" order="2">
               <questions>
                  <question id="83" type="cnnd" isheader="YES" order="1">Executive Director or Administrator Qualifications</question>
                  <question id="84" type="cnnd" isheader="YES" order="2">Selected by and accountable to board</question>
                  <question id="85" type="cnnd" isheader="YES" order="3">College graduate or ten years administrative experience</question>
                  <question id="86" type="cnnd" isheader="YES" order="4">Administrator hired after standards effective date must meet standards</question>
                  <question id="87" type="cnnd" isheader="YES" order="5">Responsibilities</question>
                  <question id="88" type="cnnd" order="6">Attending board meetings and agency planning</question>
                  <question id="89" type="cnnd" order="7">Accurate statistical reports</question>
                  <question id="90" type="cnnd" order="8">Monthly and annual reports to DCS</question>
                  <question id="91" type="cnnd" order="9">Budget</question>
                  <question id="92" type="cnnd" order="10">Employing, training, and discharge of staff</question>
                  <question id="93" type="cnnd" order="11">Communicating information to the board</question>
                  <question id="94" type="cnnd" order="12">Implementing board policy</question>
                  <question id="95" type="cnnd" order="13">Adequate administrative and fiscal records</question>
                  <question id="96" type="cnnd" order="14">Regular staff meetings</question>
               </questions>
            </group>
            <group id="12" expanded="false" title="3. Caseworker Qualifications" order="3">
               <questions>
                  <question id="97" type="cnnd" isheader="YES" order="1">Qualified caseworker</question>
                  <question id="98" type="cnnd" isheader="YES" order="2">College graduate with degree in social work or related field</question>
                  <question id="99" type="cnnd" isheader="YES" order="3">Casework services provided directly or by contract</question>
                  <question id="100" type="cnnd" isheader="YES" order="4">If less that 20 resident, administrator may serve as caseworker if qualified</question>
                  <question id="101" type="cnnd" isheader="YES" order="5">Carries out casework responsibilities</question>
               </questions>
            </group>
            <group id="13" expanded="false" title="4. Child Care Staff Qualifications" order="4">
               <questions>
                  <question id="102" type="cnnd" isheader="YES" order="1">Child Care Staff Qualifications</question>
                  <question id="103" type="cnnd" isheader="YES" order="2">Responsible person evaluated annually</question>
                  <question id="104" type="cnnd" isheader="YES" order="3">Character and personality suited to child care</question>
                  <question id="105" type="cnnd" isheader="YES" order="4">18 years old and high school graduate</question>
               </questions>
            </group>
            <group id="14" expanded="false" title="5. Volunteers Qualifications" order="5">
               <questions>
                  <question id="106" type="cnnd" isheader="YES" order="1">Volunteers Qualifications</question>
                  <question id="107" type="cnnd" isheader="YES" order="2">Direct and ongoing contact with residents</question>
                  <question id="108" type="cnnd" isheader="YES" order="3">Application and screening</question>
                  <question id="109" type="cnnd" isheader="YES" order="4">Ongoing training and orientation</question>
                  <question id="110" type="cnnd" isheader="YES" order="5">Adequate supervision</question>
                  <question id="111" type="cnnd" isheader="YES" order="6">Volunteer files</question>
               </questions>
            </group>
            <questions>
               <question id="112" type="textarea" width="100" height="" value="" order="1">Comments:</question>
            </questions>
         </groups>
      </section>
      <section id="4" title="Service Provision">
         <groups>
            <group id="15" expanded="false" title="1. Method of Providing Services" order="1">
               <questions>
                  <question id="113" type="cnnd" isheader="YES" order="1">Method of Providing Services</question>
                  <question id="114" type="cnnd" isheader="YES" order="2">Clear establishment of child&apos;s need for care</question>
                  <question id="115" type="cnnd" isheader="YES" order="3">Licensed capacity observed</question>
                  <question id="116" type="cnnd" isheader="YES" order="4">Children under five not admitted except as part of sibling group</question>
               </questions>
            </group>
            <group id="16" expanded="false" title="2. Written Admission and Discharge Policies and Procedures" order="2">
               <questions>
                  <question id="117" type="cnnd" isheader="YES" order="1">Written Admission and Discharge Policies and Procedures</question>
                  <question id="118" type="cnnd" isheader="YES" order="2">Admission</question>
                  <question id="119" type="cnnd" order="3">Population description, defined needs and agency services</question>
                  <question id="120" type="cnnd" order="4">Positional statement that surrender not admission criteria</question>
                  <question id="121" type="cnnd" order="5">Pre-admission summary</question>
                  <question id="122" type="cnnd" order="6">Pre-placement procedures and visits</question>
                  <question id="123" type="cnnd" isheader="YES" order="7">Discharge</question>
                  <question id="124" type="cnnd" order="8">Discharge conditions</question>
                  <question id="125" type="cnnd" order="9">Preparation for discharge</question>
                  <question id="126" type="cnnd" order="10">Post discharge services</question>
                  <question id="127" type="cnnd" order="11">Discharge form signed by custodian</question>
               </questions>
            </group>
            <group id="17" expanded="false" title="3. Casework Services" order="3">
               <questions>
                  <question id="128" type="cnnd" isheader="YES" order="1">Casework Services</question>
                  <question id="129" type="cnnd" isheader="YES" order="2">One hour per week per child</question>
                  <question id="130" type="cnnd" isheader="YES" order="3">Services provided by college graduate</question>
                  <question id="131" type="cnnd" isheader="YES" order="4">Include:</question>
                  <question id="132" type="cnnd" order="5">Intake/lre-evaluation study</question>
                  <question id="133" type="cnnd" order="6">Pre-placement visits</question>
                  <question id="134" type="cnnd" order="7">Individual plan of care</question>
                  <question id="135" type="cnnd" order="8">Periodic evaluation of family situation</question>
                  <question id="136" type="cnnd" order="9">Liaison work</question>
                  <question id="137" type="cnnd" order="10">Evaluation of child&apos;s needs</question>
                  <question id="138" type="cnnd" order="11">Foster care review</question>
               </questions>
            </group>
            <group id="18" expanded="false" title="4. Restriction to one type of care" order="4">
               <questions>
                  <question id="139" type="cnnd" isheader="YES" order="1">Restriction to one type of care</question>
               </questions>
            </group>
            <group id="19" expanded="false" title="5. Provision of continuous supervision" order="5">
               <questions>
                  <question id="140" type="cnnd" isheader="YES" order="1">Provision of continuous supervision</question>
               </questions>
            </group>
            <questions>
               <question id="141" type="textarea" width="100" height="" value="" order="1">Comments:</question>
            </questions>
         </groups>
      </section>
      <section id="5" title="Care of the Children" hasreport="NO">
         <groups>
            <group id="20" expanded="false" title="1. Staff-Child Ratio" order="1">
               <questions>
                  <question id="142" type="cnnd" isheader="YES" order="1">Staff-Child Ratio</question>
                  <question id="143" type="cnnd" isheader="YES" order="2">Includes professional and auxiliary staff</question>
                  <question id="144" type="cnnd" isheader="YES" order="3">One staff member per eight children</question>
               </questions>
            </group>
            <group id="21" expanded="false" title="2. Discipline Policy meets standards" order="2">
               <questions>
                  <question id="145" type="cnnd" isheader="YES" order="1">Discipline reasonable and responsible</question>
                  <question id="146" type="cnnd" isheader="YES" order="2">Encouragement and praise used</question>
                  <question id="147" type="cnnd" isheader="YES" order="3">Discipline individualized and related to behavior</question>
                  <question id="148" type="cnnd" isheader="YES" order="4">Written policies prohibit the following:</question>
                  <question id="149" type="cnnd" order="5">Cruel and unusual punishment</question>
                  <question id="150" type="cnnd" order="6">Excessive or inappropriate work</question>
                  <question id="151" type="cnnd" order="7">Denial of meals, daily needs or program services</question>
                  <question id="152" type="cnnd" order="8">Verbal abuse</question>
                  <question id="153" type="cnnd" order="9">Permitting a child to punish another child</question>
                  <question id="154" type="cnnd" order="10">Chemical or mechanical restraints</question>
                  <question id="155" type="cnnd" order="11">Denial of visits, calls or mail contact with family</question>
                  <question id="156" type="cnnd" isheader="YES" order="12">Corporal punishment policies must:</question>
                  <question id="157" type="cnnd" order="13">Require written consent of parent, guardian or legal custodian</question>
               </questions>
            </group>
            <group id="22" expanded="false" title="3. Physical Control and Isolation" order="3">
               <questions>
                  <question id="158" type="cnnd" isheader="YES" order="1">Physical Control and Isolation</question>
                  <question id="159" type="cnnd" isheader="YES" order="2">Written policy for physical control requires:</question>
                  <question id="160" type="cnnd" order="3">Two fully qualified staff</question>
                  <question id="161" type="cnnd" order="4">Immediate notice to supervisor</question>
                  <question id="162" type="cnnd" order="5">Written report to administrator</question>
                  <question id="163" type="cnnd" order="6">Review process</question>
                  <question id="164" type="cnnd" isheader="YES" order="7">Time out room policy</question>
                  <question id="165" type="cnnd" order="8">Record of each incident</question>
                  <question id="166" type="cnnd" order="9">Direct supervision every fifteen minutes</question>
                  <question id="167" type="cnnd" order="10">Time limits</question>
                  <question id="168" type="cnnd" order="11">Rooms not locked</question>
               </questions>
            </group>
            <group id="23" expanded="false" title="4. Abuse of Children" order="4">
               <questions>
                  <question id="169" type="cnnd" isheader="YES" order="1">Abuse of Children</question>
                  <question id="170" type="cnnd" isheader="YES" order="2">Written policy for prevention and detection</question>
                  <question id="171" type="cnnd" isheader="YES" order="3">Written policy for reporting</question>
               </questions>
            </group>
            <group id="24" expanded="false" title="5. Exploitation not engaged in" order="5">
               <questions>
                  <question id="172" type="cnnd" isheader="YES" order="1">Exploitation not engaged in</question>
               </questions>
            </group>
            <group id="25" expanded="false" title="6. Health" order="6">
               <questions>
                  <question id="173" type="cnnd" isheader="YES" order="1">Health</question>
                  <question id="174" type="cnnd" isheader="YES" order="2">Physicals</question>
                  <question id="175" type="cnnd" order="3">Six months prior or within five days of placement</question>
                  <question id="176" type="cnnd" order="4">Physicals at appropriate intervals</question>
                  <question id="177" type="cnnd" isheader="YES" order="5">Dental care annually</question>
                  <question id="178" type="cnnd" isheader="YES" order="6">Immunizations</question>
                  <question id="179" type="cnnd" order="7">Necessary shots administered</question>
                  <question id="180" type="cnnd" order="8">Written documentation</question>
                  <question id="181" type="cnnd" isheader="YES" order="9">Illness</question>
                  <question id="182" type="cnnd" order="10">Doctor&apos;s orders observed</question>
                  <question id="183" type="cnnd" order="11">Visits regulated, sanitation and hygiene observed</question>
                  <question id="184" type="cnnd" order="12">In case of death or life threatening illness notification to authorities</question>
                  <question id="185" type="cnnd" isheader="YES" order="13">Medications</question>
                  <question id="186" type="cnnd" order="14">Double-entry system and double-lock</question>
                  <question id="187" type="cnnd" order="15">Psychotrophic drugs handled appropriately</question>
                  <question id="188" type="cnnd" order="16">Not administered without physician&apos;s orders</question>
                  <question id="189" type="cnnd" isheader="YES" order="17">First aid supplies out of children&apos;s reach</question>
               </questions>
            </group>
            <group id="26" expanded="false" title="7. Education and Religion" order="7">
               <questions>
                  <question id="190" type="cnnd" isheader="YES" order="1">Education and Religion:</question>
                  <question id="191" type="cnnd" isheader="YES" order="2">Compulsory school attendance:</question>
                  <question id="192" type="cnnd" isheader="YES" order="3">Special training for handicapped children:</question>
                  <question id="193" type="cnnd" isheader="YES" order="4">On-campus school meets TDE standards:</question>
                  <question id="194" type="cnnd" isheader="YES" order="5">Spiritual growth fostered:</question>
               </questions>
            </group>
            <group id="27" expanded="false" title="8. Nutrition" order="8">
               <questions>
                  <question id="195" type="cnnd" isheader="YES" order="1">Nutrition</question>
                  <question id="196" type="cnnd" isheader="YES" order="2">Food meets USDA recommendations</question>
                  <question id="197" type="cnnd" isheader="YES" order="3">3 meals and snack daily</question>
                  <question id="198" type="cnnd" isheader="YES" order="4">Special diets prepared as prescribed</question>
                  <question id="199" type="cnnd" isheader="YES" order="5">Denial of nutritionally adequate meal not used as punishment</question>
                  <question id="200" type="cnnd" isheader="YES" order="6">Menus</question>
                  <question id="201" type="cnnd" order="7">Prepared weekly and in advance</question>
                  <question id="202" type="cnnd" order="8">Filed for one month</question>
               </questions>
            </group>
            <group id="28" expanded="false" title="9. Recreation Available" order="9">
               <questions>
                  <question id="203" type="cnnd" isheader="YES" order="1">Recreation Available</question>
                  <question id="204" type="cnnd" isheader="YES" order="2">Outdoor areas</question>
                  <question id="205" type="cnnd" order="3">Protect small children from traffic</question>
                  <question id="206" type="cnnd" order="4">Appropriate materials provided</question>
               </questions>
            </group>
            <questions>
               <question id="207" type="textarea" width="100" height="" value="" order="1">Comments:</question>
            </questions>
         </groups>
         <checklists>
            <checklist id="1" order="1" title="Child Records Checklist">
               <groups>
                  <group id="29" title="Child Name" order="1">
                     <questions>
                        <question id="208" type="textarea" width="100" height="" value="" order="1">Child Name:</question>
                     </questions>
                  </group>
                  <group id="30" title="Child Identifying" order="2">
                     <questions>
                        <question id="209" type="ck" order="1">Identifying Information</question>
                        <question id="210" type="ck" order="2">Birthday</question>
                        <question id="211" type="ck" order="3">Birthplace</question>
                        <question id="212" type="ck" order="4">Parents Name</question>
                        <question id="213" type="ck" order="5">Parents Home Address</question>
                        <question id="214" type="ck" order="6">Parents Work Phone</question>
                        <question id="215" type="ck" order="7">Parents Emergency Number</question>
                     </questions>
                  </group>
                  <group id="31" title="Health" order="3">
                     <questions>
                        <question id="216" type="ck" order="1">Health</question>
                        <question id="217" type="ck" order="2">Emergency Physician Name/Address</question>
                        <question id="218" type="ck" order="3">Initial Physical Exam (EPSDT)</question>
                        <question id="219" type="ck" order="4">Current Immunization Record (If Appl)</question>
                        <question id="220" type="ck" order="5">Ongoing medical care</question>
                        <question id="221" type="ck" order="6">Dental Exams Annually</question>
                        <question id="222" type="ck" order="7">Sight and Hearing Evaluation</question>
                        <question id="223" type="ck" order="8">Coverage for medical expense Info</question>
                        <question id="224" type="ck" order="9">Written permission for routine or emergency care</question>
                     </questions>
                  </group>
                  <group id="32" title=" " order="4">
                     <questions>
                        <question id="225" type="ck" order="1">Correspondence</question>
                     </questions>
                  </group>
                  <group id="33" title="Legal Authority to Give Care" order="5">
                     <questions>
                        <question id="226" type="ck" order="1">Authority to Give Care</question>
                        <question id="227" type="date" value="" order="2"> </question>
                     </questions>
                  </group>
                  <group id="34" title="Reports" order="6">
                     <questions>
                        <question id="228" type="ck" order="1">Reports</question>
                        <question id="229" type="ck" order="2">Intake - Preadmission Study</question>
                        <question id="230" type="ck" order="3">Permanency Plan</question>
                        <question id="231" type="date" value="" order="4"> </question>
                        <question id="232" type="ck" order="5">DCS Permanency Plan Reports</question>
                        <question id="233" type="ck" order="6">Individual Plan of Care</question>
                        <question id="234" type="date" value="" order="7"> </question>
                     </questions>
                  </group>
                  <group id="35" title="Narrative Recording" order="7">
                     <questions>
                        <question id="235" type="ck" order="1">One hour weekly case management</question>
                        <question id="236" type="date" value="" order="2"> </question>
                     </questions>
                  </group>
                  <group id="36" title=" " order="8">
                     <questions>
                        <question id="237" type="ck" order="1">School Records (if applicable)</question>
                     </questions>
                  </group>
                  <group id="37" title="Sexual Abuse Prevention" order="9">
                     <questions>
                        <question id="238" type="ck" order="1">Education Verification (if applicable)</question>
                     </questions>
                  </group>
                  <group id="38" title="Discharge" order="10">
                     <questions>
                        <question id="239" type="ck" order="1">Plan</question>
                        <question id="240" type="ck" order="2">Statement</question>
                     </questions>
                  </group>
               </groups>
            </checklist>
         </checklists>
      </section>
      <section id="6" title="Parental Involvement in Care">
         <groups>
            <group id="39" expanded="false" title="1. Understanding the Parents" order="1">
               <questions>
                  <question id="241" type="cnnd" isheader="YES" order="1">Understanding the Parents</question>
                  <question id="242" type="cnnd" isheader="YES" order="2">Respect shown for children&apos;s families</question>
                  <question id="243" type="cnnd" isheader="YES" order="3">Attempts to strengthen child-family ties</question>
                  <question id="244" type="cnnd" isheader="YES" order="4">Planning sessions include all appropriate parties</question>
               </questions>
            </group>
            <questions>
               <question id="245" type="textarea" width="100" height="" value="" order="1">Comments:</question>
            </questions>
         </groups>
      </section>
      <section id="7" title="Physical Facilities">
         <groups>
            <group id="40" expanded="false" title="1. Construction Approved" order="1">
               <questions>
                  <question id="246" type="cnnd" isheader="YES" order="1">Construction approved by TDHE and Fire Safety Division of TDI and include Title 504 specifications</question>
               </questions>
            </group>
            <group id="41" expanded="false" title="2. Inspected annually by Fire Safety Authority and TDHE" order="2">
               <questions>
                  <question id="247" type="cnnd" isheader="YES" order="1">Inspected annually by Fire Safety Authority and TDHE</question>
               </questions>
            </group>
            <group id="42" expanded="false" title="3. Family type setting and living arrangements" order="3">
               <questions>
                  <question id="248" type="cnnd" isheader="YES" order="1">Family type setting and living arrangements</question>
                  <question id="249" type="cnnd" isheader="YES" order="2">Living rooms</question>
                  <question id="250" type="cnnd" isheader="YES" order="3">Sleeping provisions</question>
                  <question id="251" type="cnnd" order="4">Separate suitable beds</question>
                  <question id="252" type="cnnd" order="5">Opposite sex children do not sleep in the same room</question>
                  <question id="253" type="cnnd" order="6">Children not in the same room with adults</question>
                  <question id="254" type="cnnd" order="7">65 square feet for first child, 50 square feet for next child</question>
                  <question id="255" type="cnnd" order="8">Only 4 children per room</question>
                  <question id="256" type="cnnd" isheader="YES" order="9">Kitchen</question>
                  <question id="257" type="cnnd" order="10">Sanitary</question>
                  <question id="258" type="cnnd" order="11">Refrigeration</question>
                  <question id="259" type="cnnd" order="12">Adequate dishes and silverware</question>
                  <question id="260" type="cnnd" order="13">Adequate storage of cooking and eating utensils</question>
                  <question id="261" type="cnnd" order="14">Safe storage of bleaches, corrosives and poisons</question>
                  <question id="262" type="cnnd" order="15">Adequate tables and chairs</question>
                  <question id="263" type="cnnd" isheader="YES" order="16">Sanitary facilities</question>
                  <question id="264" type="cnnd" order="17">Toilet and bathing facilities</question>
                  <question id="265" type="cnnd" order="18">Flush toilets</question>
                  <question id="266" type="cnnd" order="19">Adequate and sanitary sewage disposal</question>
                  <question id="267" type="cnnd" order="20">Water supply approved by TDHE</question>
                  <question id="268" type="cnnd" order="21">Garbage disposed of sanitarily</question>
                  <question id="269" type="cnnd" order="22">Individual towels and washcloths</question>
                  <question id="270" type="cnnd" order="23">Children&apos;s equipment kept clean</question>
               </questions>
            </group>
            <group id="43" expanded="false" title="4. Safety" order="4">
               <questions>
                  <question id="271" type="cnnd" isheader="YES" order="1">Safety</question>
                  <question id="272" type="cnnd" isheader="YES" order="2">Hazards removed</question>
                  <question id="273" type="cnnd" isheader="YES" order="3">Handicapped children protected</question>
                  <question id="274" type="cnnd" isheader="YES" order="4">Adequate smoke detectors and fire extinguishers</question>
                  <question id="275" type="cnnd" isheader="YES" order="5">Posted evacuation plan</question>
                  <question id="276" type="cnnd" isheader="YES" order="6">Emergency evacuation training for children</question>
                  <question id="277" type="cnnd" isheader="YES" order="7">Emergency phone numbers accessible to telephone</question>
               </questions>
            </group>
            <questions>
               <question id="278" type="textarea" width="100" height="" value="" order="1">Comments:</question>
            </questions>
         </groups>
      </section>
      <section id="8" title="Records and Reports" hasreport="NO">
         <groups>
            <group id="44" expanded="false" title="1. Records" order="1">
               <questions>
                  <question id="279" type="cnnd" isheader="YES" order="1">Records</question>
                  <question id="280" type="cnnd" isheader="YES" order="2">Identifying information</question>
                  <question id="281" type="cnnd" order="3">Name, date and place of birth</question>
                  <question id="282" type="cnnd" order="4">Name, home addresses, phone numbers, work addresses and work phone numbers of parents</question>
                  <question id="283" type="cnnd" order="5">Information regarding competent adult for emergency</question>
                  <question id="284" type="cnnd" order="6">Emergency physician</question>
                  <question id="285" type="cnnd" isheader="YES" order="7">Intake/Pre-Admission study</question>
                  <question id="286" type="cnnd" isheader="YES" order="8">Health Information</question>
                  <question id="287" type="cnnd" order="9">Initial physical, shot record, ongoing care</question>
                  <question id="288" type="cnnd" order="10">Written permission for emergency medical care</question>
                  <question id="289" type="cnnd" order="11">Coverage for medical expenses</question>
                  <question id="290" type="cnnd" isheader="YES" order="12">Permanency plan</question>
                  <question id="291" type="cnnd" isheader="YES" order="13">Length of stay</question>
                  <question id="292" type="cnnd" isheader="YES" order="14">School records</question>
                  <question id="293" type="cnnd" isheader="YES" order="15">Narrative recording</question>
                  <question id="294" type="cnnd" isheader="YES" order="16">Legal documents and correspondence</question>
                  <question id="295" type="textbox" width="100" value="" order="17" keyboardtype="numeric">Number of Records Reviewed</question>
                  <question id="296" type="textarea" width="100" height="" value="" order="18">Comments:</question>
               </questions>
            </group>
            <group id="45" expanded="false" title="2. Availability of Records" order="2">
               <questions>
                  <question id="297" type="cnnd" isheader="YES" order="1">Availability of Records</question>
                  <question id="298" type="cnnd" isheader="YES" order="2">Available to authorized DCS agents</question>
                  <question id="299" type="cnnd" isheader="YES" order="3">Stored and locked, fire-resistent file cabinet</question>
               </questions>
            </group>
            <group id="46" expanded="false" title="3. Reports" order="3">
               <questions>
                  <question id="300" type="cnnd" isheader="YES" order="1">Reports</question>
                  <question id="301" type="cnnd" isheader="YES" order="2">Annual report to DCS</question>
                  <question id="302" type="cnnd" isheader="YES" order="3">Change in location</question>
                  <question id="303" type="cnnd" isheader="YES" order="4">Death or life-threatening injury immediately</question>
                  <question id="304" type="cnnd" isheader="YES" order="5">Major emergency situations as soon as possible</question>
               </questions>
            </group>
            <group id="47" expanded="false" title="4. Posting of License" order="4">
               <questions>
                  <question id="305" type="cnnd" isheader="YES" order="1">Posting of License</question>
               </questions>
            </group>
            <questions>
               <question id="306" type="textarea" width="100" height="" value="" order="1">Comments:</question>
            </questions>
         </groups>
         <checklists>
            <checklist id="2" order="1" title="Employee Records Checklist">
               <groups>
                  <group id="48" title="Staff Name" order="1">
                     <questions>
                        <question id="307" type="textarea" width="100" height="" value="" order="1">Name of Staff Reviewed:</question>
                     </questions>
                  </group>
                  <group id="49" title="Employee Records" order="2">
                     <questions>
                        <question id="308" type="ck" order="1">Application</question>
                        <question id="309" type="ck" order="2">Job Description</question>
                        <question id="310" type="ck" order="3">References letters - 3</question>
                        <question id="311" type="ck" order="4">TB Skin Test - within 90 days prior to employment</question>
                        <question id="312" type="ck" order="5">Annual Evaluation (if applicable)</question>
                        <question id="313" type="ck" order="6">TBI Sex Registry</question>
                        <question id="314" type="ck" order="7">Criminal Background Check</question>
                        <question id="315" type="ck" order="8">Finger Printing Results from TBI</question>
                        <question id="316" type="ck" order="9">Vulnerable Person Check</question>
                        <question id="317" type="ck" order="10">Education Transcripts</question>
                        <question id="318" type="ck" order="11">Date of Hire</question>
                        <question id="319" type="date" value="" order="12"> </question>
                     </questions>
                  </group>
                  <group id="50" title="Training" order="3">
                     <questions>
                        <question id="320" type="ck" order="1">Orientation or Pre-service Training Hours</question>
                        <question id="321" type="ck" order="2">Annual Training Hours</question>
                        <question id="322" type="ck" order="3">Child Abuse Prevention Training Hours</question>
                     </questions>
                  </group>
               </groups>
            </checklist>
         </checklists>
      </section>
      <section id="9" title="Requirements for Wilderness Camps" notrequiredbuttonshowed="YES">
         <groups>
            <group id="51" expanded="false" title="1. Campsite" order="1">
               <questions>
                  <question id="323" type="cnnd" isheader="YES" order="1">Campsite</question>
                  <question id="324" type="cnnd" isheader="YES" order="2">Minimum one acre per child</question>
                  <question id="325" type="cnnd" isheader="YES" order="3">Standing water and other safety hazards disposed of</question>
                  <question id="326" type="cnnd" isheader="YES" order="4">Areas prevent offensive conditions and safety hazards</question>
                  <question id="327" type="cnnd" isheader="YES" order="5">Debris, noxious plants, uncontrolled weeds and brush not present</question>
                  <question id="328" type="cnnd" isheader="YES" order="6">Appropriate recreational space available</question>
               </questions>
            </group>
            <group id="52" expanded="false" title="2. Health and Sanitation" order="2">
               <questions>
                  <question id="329" type="cnnd" isheader="YES" order="1">Health and Sanitation</question>
                  <question id="330" type="cnnd" isheader="YES" order="2">Annually approved by Tennessee Department of Health and Environment and meet Tennessee Camp Sanitation Act conditions</question>
                  <question id="331" type="cnnd" isheader="YES" order="3">Annual inspection and approved of water supply by Tennessee Department of Health and Environment</question>
               </questions>
            </group>
            <group id="53" expanded="false" title="3. Bathroom and Laundry Facilities" order="3">
               <questions>
                  <question id="332" type="cnnd" isheader="YES" order="1">Bathroom and Laundry Facilities</question>
                  <question id="333" type="cnnd" isheader="YES" order="2">Separate facilities by sex adequately housed and approved by Tennessee Department of Health and Environment</question>
                  <question id="334" type="cnnd" isheader="YES" order="3">Meet Tennessee Camp Sanitation Act conditions</question>
                  <question id="335" type="cnnd" isheader="YES" order="4">Laundry facilities available with hot and cold water</question>
               </questions>
            </group>
            <group id="54" expanded="false" title="4. Fire Prevention" order="4">
               <questions>
                  <question id="336" type="cnnd" isheader="YES" order="1">Fire Prevention</question>
                  <question id="337" type="cnnd" isheader="YES" order="2">Annual fire safety inspections and approval</question>
                  <question id="338" type="cnnd" isheader="YES" order="3">Written fire safety procedures with regular fire drills and documentation</question>
               </questions>
            </group>
            <group id="55" expanded="false" title="5. Housing" order="5">
               <questions>
                  <question id="339" type="cnnd" isheader="YES" order="1">Housing:</question>
                  <question id="340" type="cnnd" isheader="YES" order="2">Permanent buildings meet state and local codes</question>
                  <question id="341" type="cnnd" isheader="YES" order="3">Adequate lighting fixtures for all habitable, common use rooms, yard areas and pathways</question>
                  <question id="342" type="cnnd" isheader="YES" order="4">Temporary housing approved by Tennessee Department of Insurance, Fire Saftey Division, Tennessee Department of Health and Environment and local zoning codes</question>
                  <question id="343" type="cnnd" order="5">Temporary housing structurally sound, sanitary and protect against elements</question>
                  <question id="344" type="cnnd" order="6">Floor surfaces prevent entrance of ground and surface water</question>
                  <question id="345" type="cnnd" order="7">Upper story, loft or attic not used for sleeping</question>
                  <question id="346" type="cnnd" order="8">Protection against flies and mosquitoes in sleeping areas</question>
                  <question id="347" type="cnnd" order="9">Clean and sanitary</question>
                  <question id="348" type="cnnd" order="10">Linens changed weekly</question>
                  <question id="349" type="cnnd" order="11">Adequate personal storage area</question>
                  <question id="350" type="cnnd" order="12">Males and females have seperate sleeping areas</question>
                  <question id="351" type="cnnd" order="13">Housing unit limited to 6 persons including counselors</question>
                  <question id="352" type="cnnd" isheader="YES" order="14">Permanent structures for infirmary, administration and hazardous condition refuge. Must meet fire and health requirements</question>
               </questions>
            </group>
            <questions>
               <question id="353" type="textarea" width="100" height="" value="" order="1">Comments:</question>
            </questions>
         </groups>
      </section>
      <section id="10" title="Requirements for Emergency Shelter" notrequiredbuttonshowed="YES">
         <groups>
            <group id="56" expanded="false" title="1. Requirements for Emergency Shelter" order="1">
               <questions>
                  <question id="354" type="cnnd" isheader="YES" order="1">Requirements for Emergency Shelter</question>
                  <question id="355" type="cnnd" isheader="YES" order="2">Emergency Capacity</question>
                  <question id="356" type="cnnd" isheader="YES" order="3">Children under 5 years of age</question>
                  <question id="357" type="cnnd" isheader="YES" order="4">Foster Care Review Law not applicable until after 30 days</question>
                  <question id="358" type="cnnd" isheader="YES" order="5">Interval health history and physical within 5 working days</question>
               </questions>
            </group>
            <questions>
               <question id="359" type="textarea" width="100" height="" value="" comments="" order="1">Comments:</question>
            </questions>
         </groups>
      </section>
   </sections>
</structure>